order_value,item_count,average_item_price,scan_duration_seconds,weight_mismatch_ratio,hour_of_day,category_diversity,is_fraud
3494.98,15,233.0,336.9,0.0025,8,5,0
5105.33,24,212.72,282.9,0.0418,8,4,0
2434.96,12,202.91,127.0,0.0112,14,4,0
2861.09,7,408.73,45.3,0.1074,15,2,1
4181.46,19,220.08,366.4,0.0428,17,2,0
2262.19,21,107.72,326.5,0.0141,21,3,0
4767.02,12,397.25,33.3,0.0246,7,4,1
7593.43,16,474.59,67.0,0.0519,2,4,1
3789.28,16,236.83,346.5,0.05,18,5,0
1369.75,15,91.32,166.0,0.0075,12,3,0
1858.01,8,232.25,209.5,0.0067,9,1,0
147.71,2,73.85,49.9,0.0164,17,2,0
265.78,5,53.16,82.8,0.3711,8,2,1
2048.99,9,227.67,121.6,0.0034,5,1,0
1107.57,4,276.89,71.1,0.0211,11,4,0
1715.8,19,90.31,560.4,0.0151,3,4,0
5462.79,20,273.14,432.8,0.034,13,1,0
2762.84,20,138.14,329.4,0.0115,16,1,0
1332.38,12,111.03,168.7,0.0123,14,1,0
1355.35,12,112.95,248.9,0.005,8,1,0
5319.85,27,197.03,114.1,0.0268,14,2,1
663.08,6,110.51,157.1,0.0041,20,5,0
898.24,6,149.71,174.9,0.0025,16,5,0
1599.53,5,319.91,30.2,0.084,4,2,1
3915.76,3,1305.25,20.1,0.1603,21,2,1
2549.73,5,509.95,39.6,0.1275,8,1,1
2274.88,12,189.57,339.7,0.0049,19,3,0
12680.18,28,452.86,113.5,0.0755,20,4,1
429.21,3,143.07,106.0,0.005,13,2,0
4777.83,16,298.61,221.6,0.0102,10,3,0
185.64,1,185.64,34.7,0.0043,17,1,0
9711.23,7,1387.32,40.2,0.1025,15,1,1
537.73,5,107.55,113.5,0.022,8,4,0
960.29,7,137.18,118.8,0.4345,12,1,1
6618.06,5,1323.61,25.9,0.1078,8,1,1
3405.61,18,189.2,532.5,0.0127,9,2,0
2693.43,10,269.34,263.6,0.0182,13,5,0
342.16,3,114.05,72.9,0.0001,18,1,0
3485.27,14,248.95,399.3,0.0071,9,3,0
4349.58,22,197.71,239.0,0.0259,14,4,0
1939.99,8,242.5,128.9,0.0013,8,4,0
628.07,3,209.36,93.2,0.0109,13,1,0
3035.11,19,159.74,225.2,0.0493,21,1,0
93.32,1,93.32,21.9,0.012,19,1,0
4400.92,21,209.57,441.9,0.0086,20,3,0
1434.59,16,89.66,208.6,0.0014,9,4,0
1191.34,16,74.46,329.4,0.0029,15,2,0
1358.35,5,271.67,81.3,0.0406,16,5,0
1082.27,16,67.64,371.0,0.0132,22,4,0
164.56,1,164.56,40.0,0.0073,23,1,0
715.2,14,51.09,115.1,0.1512,10,3,1
558.18,10,55.82,272.1,0.0019,19,5,0
1025.04,7,146.43,102.0,0.2597,19,4,1
8527.96,21,406.09,53.0,0.0752,8,5,1
5488.62,23,238.64,296.0,0.0106,21,5,0
247.15,6,41.19,113.2,0.1501,21,3,1
3867.19,20,193.36,464.5,0.0052,13,3,0
5205.79,21,247.89,548.0,0.0102,8,2,0
4289.02,23,186.48,574.2,0.0175,21,1,0
1095.66,7,156.52,112.1,0.0334,10,5,0
3711.2,19,195.33,536.2,0.0041,6,5,0
1362.27,6,227.05,128.5,0.0183,12,3,0
340.26,3,113.42,67.9,0.0203,20,3,0
220.26,1,220.26,25.8,0.0097,9,1,0
6106.92,21,290.81,234.7,0.0007,5,5,0
605.54,6,100.92,117.8,0.2926,7,1,1
206.89,1,206.89,40.2,0.0007,12,1,0
1997.4,16,124.84,40.1,0.0219,12,4,1
2096.72,18,116.48,318.6,0.0091,8,1,0
4013.91,20,200.7,315.4,0.0012,22,3,0
4196.91,15,279.79,193.0,0.012,10,1,0
5342.74,18,296.82,248.1,0.0072,23,3,0
167.17,1,167.17,27.4,0.0009,2,1,0
1495.8,5,299.16,122.1,0.0434,0,1,0
740.61,9,82.29,275.8,0.0039,19,2,0
444.37,8,55.55,171.8,0.0267,13,1,0
360.51,5,72.1,143.0,0.0098,15,5,0
502.52,2,251.26,70.4,0.05,18,2,0
5244.75,19,276.04,335.0,0.023,14,2,0
543.17,6,90.53,108.6,0.3737,12,4,1
304.65,4,76.16,62.4,0.1992,14,3,1
1407.61,16,87.98,219.0,0.003,13,3,0
8806.39,6,1467.73,38.4,0.0836,6,1,1
1587.86,22,72.18,285.0,0.0035,14,2,0
657.65,9,73.07,191.9,0.0108,10,5,0
1006.2,4,251.55,107.6,0.0035,14,2,0
4204.78,23,182.82,567.4,0.0024,10,3,0
4552.31,15,303.49,27.3,0.0413,11,3,1
3319.38,23,144.32,249.1,0.0036,13,4,0
2579.18,13,198.4,323.4,0.0104,9,2,0
1263.32,8,157.91,109.7,0.0068,18,2,0
1723.63,13,132.59,377.9,0.0038,14,4,0
12785.96,28,456.64,48.7,0.0467,23,5,1
388.0,2,194.0,61.8,0.05,16,2,0
378.38,2,189.19,52.1,0.022,11,2,0
3538.05,20,176.9,303.7,0.0141,12,5,0
520.64,4,130.16,98.0,0.0091,17,2,0
1290.86,10,129.09,110.6,0.3449,5,1,1
917.76,6,152.96,120.8,0.0266,23,5,0
911.25,9,101.25,177.2,0.0192,8,5,0
2138.63,9,237.63,251.3,0.0031,11,2,0
998.03,12,83.17,213.6,0.2649,20,2,1
236.9,1,236.9,28.5,0.0345,14,1,0
858.05,8,107.26,178.3,0.0061,20,2,0
4044.86,15,269.66,314.7,0.0128,23,1,0
1223.21,5,244.64,72.4,0.0188,16,2,0
1104.72,6,184.12,117.3,0.0139,16,5,0
922.25,4,230.56,112.2,0.0178,17,3,0
1907.99,20,95.4,577.1,0.0077,15,3,0
1102.13,13,84.78,165.0,0.0194,17,4,0
990.08,4,247.52,56.6,0.0221,14,1,0
3970.28,14,283.59,410.9,0.0018,23,4,0
267.47,1,267.47,34.2,0.0076,8,1,0
4938.95,20,246.95,448.2,0.008,2,2,0
559.23,2,279.61,49.0,0.0366,12,1,0
350.82,6,58.47,114.1,0.0049,11,2,0
2057.2,7,293.89,147.6,0.0296,16,1,0
1941.28,13,149.33,258.0,0.0064,15,1,0
3059.36,16,191.21,197.7,0.0091,16,4,0
1448.03,6,241.34,82.4,0.0012,20,2,0
2543.02,14,181.64,383.9,0.0275,2,1,0
323.31,3,107.77,75.6,0.0016,21,3,0
3799.13,3,1266.38,23.9,0.1405,19,2,1
426.35,5,85.27,100.5,0.0014,18,1,0
1533.19,19,80.69,537.7,0.0183,7,5,0
2562.77,10,256.28,178.1,0.0266,13,1,0
1258.53,12,104.88,370.6,0.0018,17,3,0
169.89,4,42.47,44.9,0.2987,11,1,1
5692.12,22,258.73,666.0,0.0028,12,3,0
5329.04,21,253.76,425.2,0.0078,16,4,0
850.05,10,85.0,161.7,0.0198,12,5,0
1353.27,7,193.32,198.4,0.0221,15,2,0
1057.02,11,96.09,146.4,0.0011,21,3,0
3916.51,17,230.38,396.8,0.0076,22,5,0
739.84,4,184.96,70.6,0.0281,22,3,0
153.3,2,76.65,38.9,0.0103,19,2,0
764.33,3,254.78,93.4,0.0048,17,3,0
1431.48,17,84.2,504.8,0.0031,17,3,0
5034.94,21,239.76,528.7,0.05,6,4,0
2574.13,9,286.01,112.7,0.0389,11,5,0
409.41,7,58.49,177.1,0.0387,23,5,0
5222.75,20,261.14,345.1,0.0006,17,3,0
900.1,13,69.24,321.1,0.0194,9,1,0
2853.14,22,129.69,513.7,0.0144,11,3,0
4263.26,27,157.9,71.6,0.0753,23,3,1
2558.21,17,150.48,347.6,0.031,23,2,0
1264.41,7,180.63,177.6,0.0094,12,2,0
302.62,5,60.52,71.6,0.0084,14,4,0
1232.93,5,246.59,70.2,0.0317,22,3,0
11374.04,29,392.21,49.2,0.0381,16,5,1
1041.1,13,80.08,153.0,0.0006,22,5,0
1561.22,15,104.08,319.4,0.0112,12,3,0
1504.06,17,88.47,455.7,0.0038,16,1,0
361.27,4,90.32,50.8,0.2101,20,1,1
2836.62,13,218.2,55.8,0.0615,11,2,1
1791.43,8,223.93,100.8,0.0491,9,4,0
1111.45,17,65.38,482.9,0.0355,17,2,0
1517.84,13,116.76,375.4,0.0161,1,3,0
3370.29,13,259.25,326.5,0.0145,20,5,0
2676.23,29,92.28,115.3,0.019,8,3,1
2508.77,8,313.6,30.2,0.0281,9,2,1
3229.34,17,189.96,220.0,0.0001,21,3,0
1580.6,10,158.06,278.9,0.003,20,4,0
267.84,4,66.96,79.7,0.001,17,1,0
1474.45,24,61.44,677.9,0.05,20,3,0
673.76,12,56.15,135.2,0.0101,20,2,0
236.81,2,118.41,71.3,0.009,10,1,0
1157.12,11,105.19,143.3,0.0159,12,1,0
980.33,7,140.05,128.0,0.4383,9,3,1
1660.21,12,138.35,129.1,0.1903,20,4,1
4789.61,18,266.09,369.9,0.0031,2,5,0
2556.24,14,182.59,162.0,0.0052,7,2,0
2317.34,14,165.52,154.3,0.014,12,1,0
4300.84,22,195.49,355.3,0.0056,15,5,0
3059.72,18,169.98,405.4,0.0178,2,1,0
5220.39,22,237.29,290.7,0.0127,8,4,0
2439.51,10,243.95,294.3,0.0115,4,1,0
2871.52,22,130.52,658.1,0.0177,21,2,0
4894.09,17,287.89,230.7,0.0135,18,1,0
2294.7,8,286.84,196.8,0.0142,16,3,0
7019.32,26,269.97,89.2,0.0468,12,2,1
1341.31,12,111.78,176.4,0.0037,23,4,0
3643.52,23,158.41,257.5,0.0003,18,5,0
1449.97,13,111.54,135.1,0.3445,11,1,1
1159.59,7,165.66,207.5,0.0204,15,4,0
3524.22,20,176.21,430.0,0.0133,8,2,0
398.86,2,199.43,66.5,0.05,12,1,0
2163.89,13,166.45,355.9,0.0224,14,2,0
2494.15,14,178.15,261.7,0.0086,9,5,0
4676.49,24,194.85,564.5,0.0158,13,4,0
261.29,5,52.26,122.8,0.0076,11,3,0
3941.52,18,218.97,51.2,0.0569,12,1,1
3158.6,11,287.15,175.9,0.0072,18,5,0
4437.72,17,261.04,457.7,0.0304,11,5,0
899.8,14,64.27,307.8,0.0006,10,5,0
287.39,3,95.8,25.5,0.169,13,1,1
261.57,2,130.78,72.6,0.0044,16,1,0
1628.71,20,81.44,260.2,0.0422,20,2,0
5017.46,23,218.15,452.1,0.0029,19,2,0
1998.66,18,111.04,497.1,0.0219,9,1,0
200.15,1,200.15,46.2,0.0165,17,1,0
599.71,2,299.85,41.6,0.0078,3,1,0
695.5,9,77.28,223.6,0.039,15,2,0
1163.69,9,129.3,257.0,0.0053,18,5,0
2429.5,12,202.46,265.9,0.0119,17,1,0
409.79,6,68.3,147.4,0.0145,15,3,0
1438.16,8,179.77,162.1,0.0063,14,2,0
2751.01,15,183.4,348.8,0.0251,19,3,0
2077.83,21,98.94,227.9,0.0342,12,3,0
1134.44,4,283.61,74.7,0.01,12,4,0
2745.98,15,183.07,330.6,0.019,14,5,0
888.86,11,80.81,316.1,0.0031,12,1,0
2794.38,10,279.44,191.2,0.0254,14,5,0
2605.24,13,200.4,361.3,0.0039,11,2,0
2750.06,10,275.01,179.2,0.0227,12,3,0
3814.31,3,1271.44,21.2,0.0725,15,1,1
801.94,3,267.31,71.4,0.0029,13,3,0
1187.85,11,107.99,209.9,0.0103,23,3,0
2719.43,18,151.08,349.9,0.0177,23,4,0
924.34,4,231.08,95.4,0.0012,9,1,0
1177.59,9,130.84,141.1,0.0011,16,2,0
1301.14,12,108.43,267.8,0.0158,16,5,0
4782.18,22,217.37,672.3,0.0122,20,4,0
866.3,12,72.19,365.3,0.0211,10,2,0
5497.94,23,239.04,404.9,0.0238,22,5,0
1673.98,19,88.1,586.0,0.0116,0,5,0
1590.18,22,72.28,559.2,0.0262,21,2,0
503.13,4,125.78,71.5,0.0014,22,1,0
447.74,3,149.25,70.8,0.0109,7,3,0
738.8,5,147.76,111.1,0.0116,18,2,0
2882.69,7,411.81,16.9,0.0157,1,5,1
409.57,3,136.52,103.2,0.0259,10,2,0
1187.19,14,84.8,409.0,0.0057,22,1,0
134.09,2,67.04,28.1,0.0495,17,2,0
3693.46,13,284.11,367.0,0.0286,8,3,0
2024.14,23,88.01,274.9,0.0092,8,3,0
2984.13,24,124.34,454.1,0.0012,21,3,0
1049.17,16,65.57,343.0,0.0252,18,4,0
727.04,4,181.76,81.0,0.0327,15,1,0
5651.46,22,256.88,559.3,0.0002,14,3,0
689.72,6,114.95,158.3,0.0115,11,5,0
3821.59,13,293.97,357.8,0.01,9,4,0
5482.87,21,261.09,263.5,0.0024,13,4,0
431.92,3,143.97,65.6,0.0231,5,1,0
3092.44,24,128.85,581.9,0.0044,0,2,0
1322.95,8,165.37,196.8,0.0338,18,1,0
6494.76,24,270.61,310.6,0.0088,8,1,0
68.02,1,68.02,16.6,0.047,20,1,0
4170.56,14,297.9,430.9,0.023,13,2,0
5304.05,22,241.09,341.9,0.0013,23,1,0
937.54,3,312.51,15.1,0.0891,16,1,1
2349.97,18,130.55,237.2,0.0018,16,4,0
1345.67,10,134.57,294.0,0.007,15,4,0
5143.84,18,285.77,273.5,0.0033,4,5,0
6205.79,23,269.82,362.0,0.0152,11,4,0
5242.53,22,238.3,351.6,0.0195,9,5,0
1860.8,18,103.38,379.7,0.0198,17,5,0
373.16,3,124.39,79.2,0.031,18,1,0
1895.11,10,189.51,278.5,0.032,12,3,0
2143.9,10,214.39,178.3,0.0253,18,2,0
2400.76,13,184.67,284.0,0.0275,21,1,0
455.77,6,75.96,58.7,0.2208,13,4,1
2432.29,15,162.15,384.9,0.0135,14,5,0
355.63,7,50.8,167.1,0.0237,9,4,0
198.64,3,66.21,78.2,0.0123,18,2,0
2231.65,19,117.46,516.0,0.0012,8,5,0
614.76,6,102.46,171.8,0.007,10,1,0
2571.4,18,142.86,219.5,0.0218,20,5,0
1254.27,6,209.04,161.1,0.0079,21,3,0
1611.75,16,100.73,360.7,0.0027,19,5,0
3193.39,13,245.65,162.4,0.0038,14,5,0
3455.48,21,164.55,419.8,0.0013,20,2,0
745.24,6,124.21,59.4,0.3214,11,4,1
248.85,6,41.47,68.4,0.1347,8,2,1
1573.41,14,112.39,232.5,0.009,20,4,0
233.61,4,58.4,63.6,0.0022,16,1,0
1649.75,6,274.96,77.6,0.0496,17,5,0
2963.14,12,246.93,282.3,0.05,10,2,0
2821.71,17,165.98,514.6,0.0065,9,2,0
722.1,10,72.21,249.9,0.05,11,4,0
2231.32,9,247.92,203.0,0.0038,0,2,0
432.09,2,216.05,35.1,0.0297,15,1,0
5921.82,24,246.74,304.1,0.05,21,1,0
1876.24,7,268.03,162.7,0.021,8,5,0
5352.89,20,267.64,307.3,0.05,20,2,0
831.92,3,277.31,74.8,0.0017,18,1,0
2682.93,11,243.9,330.2,0.0111,12,4,0
1043.23,5,208.65,140.7,0.037,16,2,0
1489.89,6,248.32,115.9,0.0355,12,1,0
2209.29,23,96.06,656.0,0.0025,15,3,0
4785.2,7,683.6,55.7,0.1228,16,1,1
1197.08,4,299.27,133.2,0.0021,19,3,0
5451.29,20,272.56,247.7,0.0031,1,4,0
9177.57,23,399.02,102.7,0.0731,12,4,1
509.63,2,254.81,68.1,0.0042,9,2,0
3255.62,21,155.03,606.3,0.0032,18,1,0
2870.28,11,260.93,171.3,0.0202,9,3,0
1405.81,15,93.72,415.1,0.0272,12,3,0
1894.92,15,126.33,219.3,0.0054,18,4,0
2492.27,2,1246.14,13.3,0.089,20,1,1
323.53,2,161.76,56.4,0.0119,14,2,0
1090.0,20,54.5,374.0,0.05,10,1,0
4873.69,19,256.51,473.3,0.05,18,1,0
4212.89,23,183.17,533.9,0.0037,10,4,0
477.91,9,53.1,183.9,0.0137,12,3,0
558.32,9,62.04,270.3,0.0165,17,1,0
7834.7,6,1305.78,30.8,0.1144,23,1,1
2258.21,6,376.37,44.0,0.1398,18,1,1
1955.7,9,217.3,257.5,0.0127,16,4,0
2617.44,19,137.76,47.9,0.0215,16,5,1
2077.81,19,109.36,391.3,0.0073,16,4,0
13316.75,27,493.21,62.3,0.0385,0,1,1
368.47,6,61.41,86.0,0.05,13,1,0
2837.73,14,202.7,226.7,0.0109,8,1,0
2870.79,11,260.98,184.6,0.0087,11,2,0
1343.28,9,149.25,119.9,0.0018,13,1,0
673.35,11,61.21,228.1,0.0027,14,3,0
1741.89,8,217.74,136.4,0.0053,19,4,0
2125.76,8,265.72,96.1,0.0265,8,4,0
432.65,2,216.32,67.0,0.0015,17,2,0
151.06,1,151.06,32.7,0.008,18,1,0
3769.89,19,198.42,208.4,0.0367,18,4,0
480.84,6,80.14,174.3,0.0115,10,1,0
1485.12,12,123.76,250.3,0.0007,10,1,0
5846.16,23,254.18,271.8,0.0286,14,5,0
5574.15,21,265.44,466.3,0.0073,15,4,0
3994.55,4,998.64,21.9,0.1402,11,2,1
183.43,2,91.72,44.4,0.0331,13,2,0
2114.56,10,211.46,237.5,0.0011,14,1,0
913.86,5,182.77,147.9,0.0123,9,1,0
535.61,5,107.12,160.7,0.0022,9,3,0
1488.59,10,148.86,169.8,0.01,10,2,0
1437.01,10,143.7,206.5,0.05,17,5,0
1318.44,15,87.9,178.8,0.0223,23,1,0
184.17,2,92.08,47.5,0.0066,21,1,0
3006.65,17,176.86,408.8,0.0266,17,1,0
7198.28,24,299.93,329.5,0.0035,21,3,0
11972.91,29,412.86,83.6,0.0612,20,4,1
2352.62,22,106.94,662.8,0.0192,16,4,0
5447.8,22,247.63,291.8,0.0048,3,4,0
3661.93,4,915.48,17.5,0.1632,15,2,1
1083.67,6,180.61,139.1,0.014,7,3,0
5198.65,19,273.61,374.9,0.0138,17,5,0
583.81,9,64.87,105.2,0.0053,12,3,0
3807.48,13,292.88,203.4,0.0216,22,3,0
4839.36,14,345.67,48.1,0.0674,9,1,1
4464.55,15,297.64,230.1,0.0014,8,3,0
1175.6,5,235.12,80.6,0.022,18,1,0
152.2,2,76.1,51.8,0.0049,19,1,0
561.85,3,187.28,81.6,0.0179,8,3,0
3526.99,16,220.44,213.8,0.0042,15,2,0
2817.28,13,216.71,202.8,0.0077,12,3,0
1183.76,7,169.11,116.3,0.05,18,5,0
2133.14,22,96.96,554.7,0.0091,21,4,0
1988.69,18,110.48,454.4,0.0244,17,4,0
5293.77,23,230.16,422.0,0.0321,21,3,0
2199.74,17,129.4,182.7,0.0007,12,1,0
3001.36,18,166.74,321.6,0.0013,22,1,0
3633.68,19,191.25,532.9,0.0357,22,3,0
2635.36,6,439.23,25.0,0.1347,16,2,1
847.79,10,84.78,169.0,0.003,12,3,0
1315.33,2,657.66,8.8,0.1673,23,2,1
6362.4,22,289.2,451.7,0.0092,11,3,0
1693.24,7,241.89,145.6,0.0285,11,1,0
9857.11,28,352.04,108.9,0.0628,9,5,1
570.02,7,81.43,192.8,0.0008,19,1,0
4400.96,4,1100.24,29.2,0.1673,8,1,1
1546.61,14,110.47,412.7,0.0185,22,3,0
1988.41,15,132.56,430.8,0.0194,3,2,0
1443.46,6,240.58,123.6,0.0037,10,4,0
1451.02,21,69.1,381.2,0.003,15,5,0
4128.27,23,179.49,400.7,0.0,12,4,0
1047.06,4,261.77,60.4,0.0229,21,4,0
1099.46,4,274.86,115.9,0.0139,15,4,0
1157.79,4,289.45,132.2,0.05,17,3,0
3111.24,22,141.42,327.1,0.0023,18,2,0
1648.07,19,86.74,512.8,0.0074,19,3,0
4190.57,15,279.37,249.2,0.0331,19,2,0
935.29,18,51.96,418.8,0.0022,22,3,0
6102.13,21,290.58,489.7,0.0215,17,5,0
274.31,3,91.44,64.9,0.0008,0,3,0
1627.61,11,147.96,261.6,0.0152,16,3,0
959.69,14,68.55,185.4,0.3159,7,3,1
585.16,6,97.53,173.7,0.0432,23,5,0
6614.28,27,244.97,109.7,0.0641,8,4,1
1717.36,7,245.34,220.9,0.029,18,5,0
721.23,5,144.25,122.3,0.0007,21,2,0
1181.6,16,73.85,302.6,0.0098,19,2,0
13883.42,28,495.84,122.2,0.0446,18,1,1
1453.61,20,72.68,218.9,0.0088,12,1,0
2931.62,20,146.58,440.8,0.0282,6,2,0
3923.34,3,1307.78,21.0,0.0843,7,1,1
1590.06,11,144.55,164.8,0.2641,12,3,1
2291.86,19,120.62,342.6,0.0439,5,5,0
3888.93,23,169.08,466.9,0.0134,11,3,0
1424.77,14,101.77,166.0,0.0424,16,3,0
495.28,8,61.91,212.9,0.0065,21,2,0
3833.8,6,638.97,34.2,0.0556,14,2,1
3091.97,22,140.54,546.2,0.0034,8,4,0
1196.53,19,62.98,272.3,0.0197,18,1,0
4655.38,23,202.41,659.4,0.0044,12,1,0
3775.1,15,251.67,461.8,0.0075,17,1,0
4280.86,23,186.12,563.8,0.0228,17,3,0
2559.29,22,116.33,494.1,0.0188,20,1,0
2704.08,19,142.32,561.9,0.0179,19,3,0
3354.73,15,223.65,386.6,0.0048,21,5,0
803.42,6,133.9,195.3,0.0181,20,5,0
245.57,3,81.86,29.9,0.3794,0,2,1
158.56,3,52.85,91.8,0.0086,11,3,0
1119.65,6,186.61,181.8,0.0105,19,5,0
3360.25,7,480.04,15.3,0.0716,6,1,1
2970.16,23,129.14,618.1,0.0011,13,3,0
4214.37,4,1053.59,20.0,0.0744,14,1,1
1076.43,11,97.86,219.6,0.0084,3,5,0
121.44,1,121.44,33.9,0.0061,8,1,0
1182.05,4,295.51,118.8,0.0019,21,4,0
7142.17,24,297.59,415.2,0.0369,8,5,0
3100.7,10,310.07,44.4,0.0489,17,2,1
2539.85,17,149.4,267.9,0.0099,12,4,0
1752.81,6,292.13,138.6,0.0012,22,3,0
3995.22,20,199.76,464.2,0.0047,8,3,0
1626.72,10,162.67,248.2,0.0112,12,2,0
258.25,5,51.65,49.3,0.4318,21,2,1
4725.52,24,196.9,591.7,0.0079,8,4,0
860.17,6,143.36,63.9,0.3595,7,2,1
3459.98,16,216.25,335.5,0.0059,5,5,0
4106.42,5,821.28,34.5,0.0514,8,2,1
994.55,9,110.51,224.9,0.0033,3,4,0
103.6,1,103.6,24.1,0.001,15,1,0
218.22,1,218.22,30.9,0.0273,21,1,0
3207.0,13,246.69,246.0,0.0044,23,3,0
4763.26,17,280.19,381.8,0.0047,14,5,0
5924.24,24,246.84,455.5,0.0152,21,4,0
3124.77,11,284.07,141.5,0.0052,15,1,0
3864.47,22,175.66,257.1,0.0393,9,3,0
2739.5,18,152.19,519.3,0.0109,21,4,0
1610.99,7,230.14,197.4,0.0246,8,4,0
4520.28,24,188.35,378.5,0.0012,3,5,0
6628.69,23,288.2,390.6,0.0106,22,1,0
624.69,9,69.41,249.4,0.0111,21,1,0
3793.42,16,237.09,314.7,0.0026,19,5,0
2147.99,20,107.4,254.5,0.0,19,4,0
4077.53,22,185.34,383.1,0.0198,4,2,0
2006.22,19,105.59,401.4,0.0042,8,3,0
4897.8,24,204.08,518.5,0.0084,17,2,0
929.23,10,92.92,211.2,0.0307,18,5,0
1665.32,21,79.3,358.8,0.0177,11,5,0
303.24,3,101.08,71.8,0.0003,21,1,0
570.51,3,190.17,83.0,0.0044,8,1,0
166.26,1,166.26,35.5,0.002,12,1,0
4847.84,19,255.15,356.0,0.0002,14,1,0
2284.19,19,120.22,274.7,0.0098,11,4,0
4241.59,20,212.08,240.3,0.0244,15,5,0
315.08,3,105.03,61.6,0.0011,14,3,0
2356.01,11,214.18,271.1,0.0037,19,1,0
486.4,2,243.2,47.9,0.0218,17,1,0
1535.58,7,219.37,181.4,0.0035,19,3,0
1230.67,9,136.74,167.7,0.0045,18,5,0
1052.58,4,263.15,99.7,0.0055,14,3,0
1577.01,8,197.13,123.7,0.0297,2,2,0
2842.23,15,189.48,332.4,0.0088,15,1,0
1099.88,6,183.31,152.6,0.0038,16,4,0
1465.5,14,104.68,315.7,0.0163,21,4,0
2229.4,23,96.93,286.1,0.0069,15,1,0
1285.22,22,58.42,615.5,0.0122,8,2,0
2406.39,24,100.27,502.9,0.0086,19,2,0
2784.96,11,253.18,285.0,0.0263,6,5,0
514.3,10,51.43,206.7,0.0054,13,3,0
5164.63,21,245.93,457.5,0.0159,11,2,0
238.94,4,59.73,121.3,0.0124,18,1,0
3709.51,19,195.24,582.8,0.0088,19,3,0
3187.41,16,199.21,476.0,0.0063,16,3,0
6200.87,21,295.28,499.9,0.0188,17,3,0
319.47,4,79.87,73.5,0.1563,6,3,1
1899.58,9,211.06,271.4,0.0121,20,4,0
1810.28,8,226.28,167.8,0.0272,10,4,0
202.42,1,202.42,41.6,0.0244,23,1,0
6921.21,24,288.38,676.9,0.0269,18,2,0
1664.77,12,138.73,138.0,0.0083,9,4,0
2530.76,15,168.72,61.3,0.072,18,3,1
2693.79,9,299.31,113.9,0.0146,23,5,0
2737.54,20,136.88,385.1,0.0166,5,5,0
2720.88,11,247.35,209.1,0.0097,8,2,0
1302.28,15,86.82,458.3,0.05,15,3,0
839.41,8,104.93,100.7,0.0068,13,5,0
462.64,5,92.53,156.5,0.0012,23,2,0
2099.37,11,190.85,293.9,0.013,16,3,0
1623.07,23,70.57,451.0,0.0259,8,2,0
1777.95,13,136.77,292.2,0.0164,11,5,0
808.61,10,80.86,103.4,0.2815,16,4,1
1557.35,6,259.56,121.3,0.0078,13,4,0
792.84,8,99.1,239.9,0.0126,17,2,0
3899.99,8,487.5,34.4,0.0619,6,3,1
2512.88,21,119.66,309.6,0.0262,12,5,0
4434.75,23,192.82,306.4,0.024,14,3,0
468.9,5,93.78,125.6,0.0037,3,4,0
2481.49,10,248.15,241.7,0.0025,15,5,0
2241.48,8,280.18,95.8,0.0035,11,3,0
832.87,5,166.57,133.4,0.01,15,1,0
3150.71,13,242.36,250.9,0.0028,8,5,0
3019.97,17,177.65,397.8,0.0107,16,4,0
5641.92,20,282.1,615.5,0.021,11,4,0
3902.38,14,278.74,211.8,0.0178,18,2,0
2113.28,11,192.12,261.5,0.0122,1,2,0
3337.29,13,256.71,283.1,0.004,13,1,0
433.93,2,216.97,66.3,0.0142,19,2,0
1720.74,6,286.79,182.3,0.0049,12,2,0
3851.55,17,226.56,401.6,0.0056,13,3,0
1358.47,10,135.85,285.9,0.0031,14,4,0
989.98,9,110.0,226.9,0.0063,15,2,0
4025.76,24,167.74,574.0,0.021,17,3,0
717.79,3,239.26,38.4,0.0036,19,2,0
6236.37,23,271.15,660.6,0.0057,19,1,0
192.32,2,96.16,45.1,0.0267,9,2,0
2439.73,20,121.99,406.6,0.0136,15,5,0
693.91,5,138.78,62.8,0.0002,17,5,0
3977.29,22,180.79,539.0,0.0123,22,3,0
373.42,5,74.68,68.0,0.0015,17,5,0
3934.0,16,245.88,398.2,0.0299,11,2,0
992.72,8,124.09,247.4,0.05,12,2,0
1291.16,15,86.08,190.1,0.0111,11,5,0
84.47,1,84.47,42.2,0.0205,9,1,0
1933.25,19,101.75,60.3,0.0209,10,1,1
3634.45,7,519.21,31.9,0.1365,11,1,1
2122.3,21,101.06,232.2,0.0012,15,2,0
639.75,5,127.95,89.8,0.0145,13,1,0
1377.94,13,106.0,204.9,0.0223,8,3,0
2049.53,19,107.87,468.0,0.0007,13,5,0
3196.22,11,290.57,224.0,0.0114,16,5,0
1830.02,15,122.0,322.3,0.0357,10,2,0
2957.87,13,227.53,164.7,0.05,12,5,0
1985.03,7,283.58,212.8,0.0149,14,2,0
3948.47,18,219.36,350.2,0.0261,10,5,0
6268.0,24,261.17,457.7,0.037,12,2,0
1144.05,9,127.12,203.0,0.0006,12,3,0
524.35,4,131.09,66.9,0.0292,21,3,0
6802.49,20,340.12,57.3,0.0646,15,1,1
157.75,1,157.75,24.1,0.001,4,1,0
3732.29,20,186.61,374.3,0.0028,14,1,0
710.32,10,71.03,185.1,0.0003,19,4,0
1084.53,10,108.45,122.3,0.05,10,2,0
2227.75,22,101.26,35.6,0.0502,20,2,1
845.21,16,52.83,421.6,0.0006,17,5,0
4093.09,22,186.05,356.7,0.0048,6,4,0
2765.53,11,251.41,167.7,0.0255,22,4,0
4015.08,15,267.67,183.2,0.0209,8,4,0
513.29,3,171.1,84.9,0.0037,11,1,0
3737.07,20,186.85,503.8,0.0079,10,2,0
784.84,4,196.21,84.0,0.0042,23,4,0
2232.67,5,446.53,22.2,0.1472,17,2,1
1677.56,9,186.4,114.7,0.016,16,2,0
843.69,12,70.31,365.6,0.05,23,3,0
5629.58,19,296.29,493.4,0.0089,18,1,0
1606.11,16,100.38,474.4,0.026,17,4,0
3818.93,15,254.6,180.4,0.05,12,4,0
792.8,7,113.26,197.7,0.002,23,3,0
2410.65,5,482.13,37.8,0.1916,17,1,1
2379.61,20,118.98,515.8,0.0177,11,5,0
2302.93,22,104.68,253.3,0.014,0,3,0
2165.27,16,135.33,332.1,0.0061,15,1,0
521.01,2,260.5,56.0,0.0168,20,2,0
2092.59,14,149.47,379.6,0.0027,8,5,0
3639.37,14,259.96,192.7,0.0298,10,4,0
7372.86,18,409.6,80.7,0.0524,19,1,1
743.74,6,123.96,69.2,0.0037,19,3,0
3250.72,14,232.19,245.6,0.0122,13,4,0
5501.79,19,289.57,46.6,0.0726,9,3,1
396.13,5,79.23,55.3,0.1243,19,3,1
5504.12,6,917.35,26.0,0.1323,16,2,1
1535.76,2,767.88,11.8,0.0707,7,2,1
2431.08,6,405.18,25.6,0.1837,19,1,1
1943.64,15,129.58,314.6,0.0135,19,1,0
649.96,3,216.65,50.8,0.0045,21,3,0
438.75,6,73.13,168.7,0.0219,13,5,0
1089.68,11,99.06,157.1,0.0017,15,3,0
643.57,9,71.51,106.8,0.0132,17,3,0
664.34,11,60.39,234.9,0.0044,13,2,0
757.44,3,252.48,80.9,0.0068,18,1,0
3137.15,10,313.72,25.8,0.0738,9,5,1
2766.6,22,125.75,659.7,0.04,19,2,0
4127.59,22,187.62,577.4,0.013,13,1,0
1314.43,19,69.18,259.0,0.0104,9,4,0
2445.32,15,163.02,450.7,0.0143,18,4,0
3536.02,23,153.74,573.1,0.0033,11,1,0
2706.58,18,150.37,308.6,0.0075,10,1,0
1422.11,22,64.64,477.0,0.0308,17,5,0
740.28,4,185.07,59.8,0.0358,14,4,0
3277.3,4,819.33,25.5,0.0621,9,2,1
2313.99,9,257.11,116.6,0.0149,21,2,0
1537.36,7,219.62,135.1,0.0059,14,4,0
3682.35,22,167.38,425.9,0.0002,5,2,0
4498.62,22,204.48,388.5,0.0002,11,3,0
3038.92,15,202.59,164.0,0.002,11,2,0
1381.92,5,276.38,141.5,0.0087,11,4,0
4528.12,24,188.67,650.9,0.023,17,3,0
3675.51,11,334.14,23.8,0.0538,1,1,1
1005.45,5,201.09,139.2,0.0039,19,5,0
288.34,3,96.11,52.9,0.0008,14,1,0
1423.18,3,474.39,18.1,0.0593,14,1,1
808.53,3,269.51,82.9,0.0007,9,2,0
4076.99,22,185.32,509.7,0.0438,0,1,0
3552.09,12,296.01,327.5,0.0171,10,3,0
1436.23,5,287.25,75.0,0.0121,9,4,0
2522.95,19,132.79,492.3,0.0159,17,4,0
120.71,2,60.36,72.0,0.0495,9,1,0
1895.16,20,94.76,534.2,0.0119,15,4,0
3724.85,18,206.94,430.7,0.0059,19,5,0
1869.11,9,207.68,237.3,0.0003,11,4,0
258.15,1,258.15,44.1,0.0009,19,1,0
494.73,3,164.91,84.8,0.0126,8,3,0
738.77,14,52.77,358.0,0.0085,10,1,0
2891.27,23,125.71,581.7,0.0133,22,2,0
213.98,1,213.98,23.7,0.0038,9,1,0
2635.45,19,138.71,499.9,0.0045,19,5,0
4908.88,21,233.76,478.6,0.0021,12,5,0
861.19,9,95.69,158.7,0.0358,12,5,0
570.74,2,285.37,39.1,0.0014,18,1,0
4328.26,24,180.34,678.3,0.0003,2,3,0
3187.78,16,199.24,430.7,0.0208,7,1,0
117.2,1,117.2,22.7,0.0055,17,1,0
1223.13,6,203.86,76.1,0.0028,16,4,0
3601.88,24,150.08,634.9,0.0157,19,1,0
935.59,17,55.03,240.6,0.0092,17,2,0
897.99,6,149.66,99.9,0.2148,16,4,1
759.67,9,84.41,108.7,0.0004,11,5,0
2779.31,10,277.93,120.7,0.0171,22,5,0
10401.54,23,452.24,44.9,0.0206,11,4,1
582.6,2,291.3,51.6,0.0194,14,1,0
2822.97,22,128.32,510.8,0.0001,16,1,0
3290.99,12,274.25,330.8,0.047,14,3,0
2744.69,16,171.54,203.6,0.0057,21,2,0
3440.77,13,264.67,369.3,0.0024,19,5,0
4028.33,23,175.14,539.7,0.0019,13,3,0
2258.93,14,161.35,178.8,0.004,22,3,0
1488.39,11,135.31,39.8,0.0619,16,4,1
824.31,13,63.41,328.7,0.0284,14,1,0
1872.27,10,187.23,153.6,0.0107,18,3,0
4118.25,16,257.39,393.6,0.0274,19,5,0
1330.18,2,665.09,9.1,0.1418,20,2,1
824.69,6,137.45,172.0,0.0178,18,5,0
7065.54,24,294.4,539.6,0.0364,11,2,0
2182.69,12,181.89,168.7,0.0093,8,5,0
4139.59,14,295.68,216.1,0.0163,17,5,0
5342.52,21,254.41,603.7,0.0168,10,2,0
712.87,4,178.22,79.6,0.05,15,4,0
1209.98,19,63.68,278.9,0.0037,8,4,0
5182.61,22,235.57,300.6,0.001,20,1,0
79.79,1,79.79,30.5,0.007,18,1,0
2136.1,9,237.34,261.8,0.004,20,1,0
2934.91,18,163.05,461.4,0.0253,3,2,0
8635.59,7,1233.66,40.9,0.1983,10,2,1
672.91,6,112.15,144.5,0.0292,9,5,0
465.71,9,51.75,171.1,0.0256,13,3,0
287.85,1,287.85,25.8,0.0031,15,1,0
422.45,3,140.82,76.0,0.0247,20,2,0
3635.6,16,227.22,487.7,0.0168,0,3,0
2499.84,19,131.57,214.3,0.0007,2,5,0
111.74,1,111.74,34.7,0.0289,8,1,0
259.11,1,259.11,25.3,0.0244,23,1,0
1466.91,12,122.24,221.4,0.0118,10,3,0
2296.39,18,127.58,378.2,0.0202,18,5,0
2742.48,19,144.34,352.7,0.0048,22,4,0
358.2,6,59.7,76.2,0.4328,13,1,1
4725.03,16,295.31,298.7,0.0063,18,5,0
1645.0,9,182.78,241.6,0.0179,22,1,0
3049.92,14,217.85,413.7,0.0261,19,5,0
2660.49,17,156.5,513.9,0.0125,22,1,0
1670.93,17,98.29,342.3,0.0071,16,5,0
3521.11,23,153.09,276.9,0.0288,20,3,0
631.31,9,70.15,126.0,0.0014,7,2,0
3046.07,24,126.92,691.9,0.05,11,3,0
4880.15,18,271.12,392.5,0.0033,10,5,0
2431.35,17,143.02,438.4,0.0456,20,3,0
1485.45,13,114.27,259.3,0.0204,7,1,0
4065.43,14,290.39,276.9,0.0065,6,1,0
3035.42,12,252.95,213.5,0.0283,14,4,0
4527.66,22,205.8,563.4,0.028,14,1,0
4805.66,22,218.44,434.4,0.0066,18,1,0
1721.69,14,122.98,361.8,0.0037,23,5,0
313.55,2,156.78,57.5,0.0112,19,2,0
970.35,12,80.86,174.4,0.0006,23,5,0
3002.64,16,187.67,224.9,0.0138,20,2,0
4199.07,20,209.95,86.2,0.0461,20,5,1
3126.32,12,260.53,277.3,0.0032,17,3,0
1512.71,21,72.03,554.0,0.003,15,2,0
3860.58,21,183.84,484.8,0.0036,8,5,0
1586.9,6,264.48,151.6,0.0459,19,4,0
2638.7,23,114.73,270.2,0.0019,13,3,0
1401.02,7,200.15,104.0,0.0144,23,5,0
2886.64,12,240.55,269.9,0.0165,18,4,0
959.27,8,119.91,117.7,0.0252,12,4,0
2120.06,12,176.67,341.7,0.0245,10,4,0
1386.92,2,693.46,13.9,0.0555,9,2,1
3121.82,10,312.18,37.2,0.044,17,2,1
1221.28,6,203.55,100.6,0.0084,9,1,0
1319.46,12,109.95,179.4,0.022,9,2,0
1359.65,23,59.12,271.8,0.0019,8,1,0
1352.53,18,75.14,335.8,0.0296,13,2,0
4903.32,24,204.3,673.2,0.0078,23,2,0
968.93,10,96.89,181.8,0.3461,13,2,1
2033.68,22,92.44,273.4,0.0018,10,5,0
2473.59,22,112.44,388.8,0.0123,16,4,0
7505.17,17,441.48,60.9,0.0107,20,2,1
4494.9,23,195.43,593.6,0.0318,18,2,0
745.4,9,82.82,153.8,0.0359,20,3,0
1419.43,16,88.71,287.5,0.0179,22,5,0
1130.86,13,86.99,394.1,0.0021,11,5,0
4088.91,6,681.49,24.2,0.1073,20,2,1
1809.09,12,150.76,286.6,0.0019,23,2,0
1720.29,10,172.03,269.1,0.0084,18,1,0
1922.81,19,101.2,509.3,0.001,14,3,0
6506.21,22,295.74,518.6,0.05,14,4,0
2406.45,9,267.38,141.7,0.0037,13,1,0
750.03,9,83.34,143.0,0.0387,11,2,0
1511.55,7,215.94,105.9,0.0301,17,2,0
1493.49,6,248.92,78.5,0.0132,12,1,0
5735.02,23,249.35,479.9,0.0056,16,1,0
2944.62,16,184.04,401.2,0.0419,12,4,0
1203.7,17,70.81,475.6,0.0011,17,4,0
3875.27,3,1291.76,18.7,0.0582,9,2,1
2844.98,17,167.35,471.2,0.0032,10,4,0
3190.23,19,167.91,283.9,0.0061,22,5,0
1323.08,10,132.31,122.2,0.0044,13,3,0
230.11,1,230.11,23.4,0.0006,8,1,0
4029.48,20,201.47,376.7,0.023,8,1,0
2022.74,11,183.89,225.8,0.0328,5,2,0
4648.23,16,290.51,334.7,0.0049,22,5,0
1728.22,6,288.04,174.5,0.0133,21,3,0
697.5,3,232.5,57.4,0.0012,9,2,0
5249.07,23,228.22,419.6,0.0064,21,5,0
4178.6,19,219.93,420.8,0.0428,21,3,0
948.7,4,237.17,75.1,0.0468,11,3,0
831.05,13,63.93,169.5,0.028,8,4,0
1733.98,14,123.86,180.4,0.0021,1,3,0
4656.84,17,273.93,188.4,0.0005,13,3,0
2555.41,19,134.5,465.9,0.0208,11,3,0
1244.41,7,177.77,151.9,0.0127,2,1,0
1950.33,12,162.53,357.1,0.0074,10,3,0
998.99,9,111.0,283.4,0.0043,13,4,0
1081.9,12,90.16,170.5,0.0019,11,4,0
236.82,1,236.82,30.2,0.0186,8,1,0
1069.45,7,152.78,145.9,0.05,12,1,0
4002.25,23,174.01,246.0,0.05,12,2,0
3551.78,14,253.7,266.5,0.0417,19,3,0
2050.65,12,170.89,181.6,0.0315,9,1,0
2902.94,19,152.79,465.8,0.0069,14,4,0
3333.1,4,833.27,20.9,0.1575,8,1,1
582.98,8,72.87,204.6,0.0155,11,1,0
2684.12,9,298.24,238.4,0.0029,2,3,0
762.07,3,254.02,107.7,0.0286,8,1,0
2194.44,12,182.87,240.9,0.0085,17,3,0
897.85,5,179.57,129.8,0.0119,19,3,0
1785.49,11,162.32,194.2,0.002,18,2,0
999.85,12,83.32,360.7,0.0184,9,2,0
619.69,14,44.26,195.9,0.3724,12,1,1
1791.56,7,255.94,99.9,0.0104,12,2,0
2985.03,12,248.75,165.8,0.0024,3,5,0
1061.95,5,212.39,154.2,0.0148,9,2,0
587.41,7,83.92,117.2,0.043,18,2,0
4445.62,19,233.98,309.1,0.0063,23,3,0
4271.1,20,213.56,605.4,0.0038,14,2,0
2422.62,11,220.24,316.2,0.0116,12,1,0
2322.68,24,96.78,62.1,0.0678,15,4,1
1410.51,9,156.72,193.4,0.0154,13,5,0
1670.81,6,278.47,192.7,0.0255,20,2,0
771.28,12,64.27,217.3,0.0016,8,3,0
5033.07,6,838.85,35.0,0.0615,18,2,1
1558.26,6,259.71,173.9,0.012,11,5,0
5612.79,22,255.13,560.1,0.0278,15,1,0
655.54,9,72.84,239.9,0.0031,11,5,0
3430.4,23,149.15,300.3,0.0017,11,5,0
1089.13,9,121.01,288.6,0.0087,12,4,0
5099.91,23,221.74,656.2,0.005,19,2,0
4303.68,21,204.94,255.2,0.0063,13,5,0
5152.68,21,245.37,522.9,0.0009,20,4,0
2685.95,17,158.0,200.5,0.0035,21,3,0
744.24,12,62.02,241.3,0.0381,23,4,0
1208.11,2,604.06,15.2,0.1361,15,2,1
5280.26,19,277.91,550.1,0.0,23,1,0
5939.95,23,258.26,449.5,0.0316,11,2,0
4774.01,5,954.8,33.7,0.0785,9,1,1
4073.23,16,254.58,281.0,0.0108,16,5,0
3588.02,22,163.09,560.4,0.0118,9,4,0
1460.77,18,81.15,320.2,0.0037,8,5,0
3312.66,21,157.75,431.5,0.0083,13,2,0
2334.56,14,166.75,340.4,0.0021,4,2,0
5021.21,19,264.27,512.2,0.0101,11,4,0
1267.97,17,74.59,341.9,0.0458,11,1,0
1075.69,4,268.92,66.8,0.0027,13,2,0
2157.46,15,143.83,345.2,0.026,11,3,0
768.63,10,76.86,122.0,0.0047,21,1,0
1511.8,13,116.29,321.8,0.0371,16,4,0
1471.8,5,294.36,153.9,0.0053,9,4,0
1220.01,9,135.56,281.1,0.0081,10,4,0
2768.49,23,120.37,268.1,0.0019,17,2,0
3389.57,13,260.74,261.6,0.0197,10,1,0
573.67,7,81.95,161.0,0.0005,18,5,0
4618.03,17,271.65,323.8,0.0149,14,5,0
1083.36,20,54.17,558.0,0.0036,20,4,0
181.26,2,90.63,76.2,0.0299,14,1,0
990.94,19,52.15,211.4,0.0091,16,2,0
777.41,9,86.38,257.1,0.05,14,4,0
2070.08,10,207.01,277.2,0.0045,2,1,0
171.98,1,171.98,28.5,0.0067,23,1,0
82.67,1,82.67,33.9,0.0352,8,1,0
1557.83,9,173.09,136.6,0.0042,7,2,0
627.81,3,209.27,95.8,0.0024,22,1,0
2637.58,21,125.6,243.4,0.0288,22,2,0
873.08,6,145.51,81.2,0.0067,18,3,0
886.27,7,126.61,224.2,0.0051,15,1,0
1352.06,18,75.11,368.7,0.0078,11,4,0
7833.05,18,435.17,61.3,0.0129,21,2,1
4953.84,17,291.4,296.2,0.0001,19,3,0
637.58,3,212.53,80.0,0.0019,18,2,0
1920.64,23,83.51,300.9,0.0023,16,4,0
2835.13,13,218.09,319.3,0.0036,21,2,0
6425.15,22,292.05,304.2,0.003,17,2,0
118.39,1,118.39,37.7,0.0115,16,1,0
1533.72,8,191.71,244.2,0.0259,8,5,0
2319.93,6,386.66,40.4,0.1255,7,2,1
636.19,3,212.06,58.4,0.0142,10,3,0
981.16,5,196.23,82.1,0.0019,18,4,0
5610.16,24,233.76,668.7,0.0166,21,4,0
652.04,13,50.16,399.2,0.0217,9,4,0
971.64,18,53.98,421.2,0.035,19,1,0
2860.31,22,130.01,572.8,0.0073,14,5,0
2605.14,16,162.82,209.2,0.0288,17,1,0
2866.81,17,168.64,303.3,0.0113,17,5,0
3267.77,13,251.37,223.9,0.0121,17,5,0
2082.1,19,109.58,504.0,0.0061,9,2,0
1389.02,11,126.27,159.1,0.0055,8,3,0
564.02,8,70.5,142.8,0.006,12,1,0
4655.05,20,232.75,245.6,0.0041,16,1,0
506.22,5,101.24,130.0,0.0287,11,2,0
1168.82,10,116.88,212.4,0.002,10,3,0
3724.12,20,186.21,323.4,0.0161,23,4,0
1386.13,22,63.01,275.1,0.05,21,4,0
1668.51,19,87.82,308.8,0.0212,16,2,0
1511.66,20,75.58,383.2,0.0152,21,3,0
154.2,2,77.1,71.8,0.0028,16,2,0
2578.92,9,286.55,207.5,0.0008,9,4,0
4964.55,21,236.41,643.1,0.0102,22,2,0
568.33,5,113.67,110.0,0.05,8,2,0
1651.68,8,206.46,106.3,0.0108,16,3,0
300.28,4,75.07,60.5,0.1893,5,3,1
916.71,17,53.92,298.8,0.0045,9,2,0
4265.63,4,1066.41,18.3,0.1881,7,2,1
1054.42,7,150.63,213.6,0.0014,22,4,0
2107.91,14,150.57,166.8,0.002,14,3,0
208.42,3,69.47,42.7,0.3067,6,2,1
780.76,8,97.6,145.3,0.0148,10,4,0
1770.72,12,147.56,277.5,0.0121,10,2,0
5404.35,5,1080.87,37.3,0.1841,7,1,1
4467.42,19,235.13,491.7,0.0027,21,4,0
5186.4,19,272.97,309.0,0.0018,14,3,0
4583.83,21,218.28,644.4,0.0096,16,5,0
1083.07,3,361.02,22.4,0.1011,16,2,1
1944.95,9,216.11,189.0,0.0489,20,4,0
592.41,6,98.74,172.7,0.0215,19,1,0
378.12,5,75.62,109.8,0.0054,20,2,0
1083.93,8,135.49,148.6,0.2356,17,3,1
5406.08,22,245.73,427.0,0.0226,14,5,0
1125.73,8,140.72,193.9,0.0329,16,5,0
3925.02,17,230.88,381.0,0.0004,18,1,0
2797.12,20,139.86,240.5,0.0452,14,4,0
443.04,3,147.68,37.9,0.2082,8,1,1
1228.87,8,153.61,220.5,0.0164,9,4,0
2765.85,11,251.44,309.6,0.008,19,2,0
1256.86,7,179.55,88.8,0.038,23,1,0
1661.38,13,127.8,202.1,0.0355,17,5,0
1366.01,15,91.07,318.6,0.0164,13,3,0
5412.53,23,235.33,630.2,0.0331,18,4,0
2121.62,19,111.66,379.1,0.0122,20,5,0
1584.78,22,72.04,418.3,0.0177,23,3,0
6432.8,23,279.69,445.8,0.0239,17,1,0
3174.44,24,132.27,403.7,0.0424,8,4,0
3427.31,23,149.01,333.0,0.0073,7,2,0
1782.56,6,297.09,121.7,0.0046,15,5,0
718.75,12,59.9,201.8,0.2032,13,1,1
3763.52,20,188.18,252.8,0.0113,12,3,0
2783.47,14,198.82,310.5,0.0099,9,4,0
515.69,7,73.67,87.1,0.0138,9,5,0
1327.8,6,221.3,193.2,0.0322,22,3,0
4733.86,18,262.99,317.3,0.0439,20,2,0
1753.42,6,292.24,164.5,0.0109,9,4,0
3941.89,19,207.47,337.8,0.05,9,2,0
1717.02,11,156.09,281.3,0.0053,14,1,0
1735.83,21,82.66,371.6,0.0038,21,1,0
803.44,2,401.72,14.5,0.1657,9,1,1
315.42,5,63.08,146.0,0.0241,16,5,0
2066.33,7,295.19,100.2,0.0036,21,5,0
1692.61,14,120.9,125.4,0.2386,14,1,1
5154.83,11,468.62,45.1,0.045,12,3,1
1507.45,6,251.24,185.1,0.0102,9,1,0
4246.21,18,235.9,459.9,0.0099,12,3,0
1698.24,14,121.3,300.1,0.005,4,1,0
388.47,2,194.23,36.5,0.0179,17,1,0
4311.15,23,187.44,445.6,0.0152,23,4,0
1537.84,8,192.23,240.2,0.0202,9,2,0
2850.48,17,167.68,194.6,0.0234,15,3,0
4033.25,17,237.25,269.3,0.0044,22,1,0
4181.07,21,199.1,380.8,0.0111,9,3,0
1136.57,4,284.14,82.7,0.0217,12,2,0
4178.22,18,232.12,262.5,0.0104,20,5,0
555.62,3,185.21,86.7,0.0247,19,2,0
1071.03,7,153.0,104.4,0.0112,18,1,0
2414.9,6,402.48,34.8,0.1635,15,1,1
2806.01,24,116.92,455.6,0.034,19,2,0
3993.73,15,266.25,253.9,0.0041,14,2,0
2323.54,10,232.35,222.3,0.0248,14,5,0
5966.65,5,1193.33,23.0,0.0695,16,1,1
2290.26,5,458.05,37.2,0.1451,20,2,1
1283.15,6,213.86,105.9,0.0056,19,2,0
1379.27,10,137.93,214.8,0.0234,11,2,0
2352.21,10,235.22,242.7,0.0248,12,4,0
3626.4,22,164.84,598.9,0.0118,19,5,0
1437.0,9,159.67,136.2,0.0002,10,5,0
1308.75,19,68.88,515.9,0.0136,9,5,0
503.63,2,251.82,46.7,0.0406,13,2,0
3717.27,13,285.94,139.6,0.0418,10,3,0
796.38,3,265.46,78.5,0.0171,9,3,0
578.16,11,52.56,156.4,0.3138,0,4,1
849.51,9,94.39,266.7,0.001,17,4,0
496.42,2,248.21,75.9,0.004,4,2,0
5617.63,21,267.51,484.6,0.0084,12,2,0
3546.65,18,197.04,241.2,0.0121,17,4,0
2445.85,10,244.58,306.2,0.0125,14,2,0
76.64,1,76.64,32.7,0.0044,23,1,0
3088.97,17,181.7,196.1,0.0037,15,3,0
3992.77,17,234.87,325.0,0.0057,20,1,0
2708.59,16,169.29,210.4,0.0404,1,1,0
2160.97,12,180.08,373.5,0.0036,21,2,0
3504.37,16,219.02,308.6,0.0014,16,2,0
5381.72,23,233.99,77.2,0.0212,15,4,1
1445.2,18,80.29,229.4,0.0032,14,4,0
407.6,6,67.93,106.2,0.0359,21,1,0
2572.57,11,233.87,342.7,0.0069,11,1,0
4250.28,14,303.59,33.7,0.0375,9,2,1
2284.99,13,175.77,165.9,0.0062,1,1,0
586.66,6,97.78,161.2,0.0219,11,4,0
512.21,10,51.22,293.9,0.0277,16,3,0
507.79,3,169.26,96.4,0.0099,9,2,0
2797.98,18,155.44,270.7,0.0006,18,3,0
2370.39,22,107.74,590.6,0.0099,14,5,0
2076.8,20,103.84,324.3,0.0072,7,4,0
7923.68,6,1320.61,45.1,0.1324,11,1,1
2996.45,13,230.5,368.9,0.0107,10,3,0
1681.09,13,129.31,341.7,0.0056,21,1,0
987.86,16,61.74,357.7,0.0022,11,3,0
5858.68,21,278.98,59.6,0.0105,20,4,1
2587.27,21,123.2,380.2,0.0058,23,4,0
5994.69,23,260.64,411.5,0.0095,11,1,0
1010.54,11,91.87,203.7,0.0021,19,4,0
1839.96,14,131.43,290.5,0.0006,21,5,0
1175.88,2,587.94,8.7,0.1893,11,2,1
1364.05,10,136.41,229.9,0.0031,21,3,0
2750.83,15,183.39,158.7,0.0035,12,2,0
454.56,2,227.28,26.4,0.0349,9,2,0
1410.03,6,235.0,115.0,0.0181,14,3,0
583.48,4,145.87,67.2,0.005,17,1,0
2849.33,11,259.03,180.0,0.0116,19,4,0
2326.63,11,211.51,162.1,0.0072,20,1,0
2920.1,17,171.77,481.5,0.0399,16,2,0
5642.69,18,313.48,48.8,0.0422,9,2,1
3900.31,24,162.51,413.0,0.0042,22,1,0
4733.24,23,205.79,276.8,0.003,17,1,0
888.24,17,52.25,268.8,0.0092,12,3,0
4344.93,24,181.04,381.4,0.05,16,4,0
1528.8,12,127.4,214.4,0.0159,12,4,0
3588.49,12,299.04,175.6,0.01,19,2,0
5822.0,5,1164.4,38.4,0.1112,6,1,1
3013.12,12,251.09,151.2,0.0127,6,5,0
5937.04,22,269.87,412.6,0.0011,12,2,0
2559.13,3,853.04,20.1,0.0743,0,2,1
1630.78,11,148.25,185.2,0.3755,6,3,1
1232.01,20,61.6,464.0,0.0333,16,5,0
4278.15,20,213.91,304.9,0.0258,17,3,0
3490.98,15,232.73,252.4,0.0011,2,5,0
1824.8,9,202.76,209.3,0.0212,12,5,0
1638.8,12,136.57,324.2,0.0016,23,2,0
1311.76,10,131.18,303.3,0.0057,16,1,0
2267.73,3,755.91,18.0,0.1408,5,1,1
94.1,1,94.1,39.4,0.0021,20,1,0
5404.71,23,234.99,43.9,0.0463,21,1,1
3672.02,23,159.65,591.0,0.0431,6,5,0
1472.45,6,245.41,79.0,0.0016,8,1,0
1293.28,13,99.48,255.0,0.2042,20,1,1
1901.11,14,135.79,303.3,0.0217,12,3,0
671.91,3,223.97,56.2,0.05,20,3,0
2907.07,24,121.13,277.6,0.0298,10,4,0
899.36,13,69.18,245.0,0.2258,8,2,1
9369.81,20,468.49,77.1,0.0328,16,1,1
5669.19,24,236.22,284.0,0.0089,15,2,0
323.28,4,80.82,57.2,0.0011,18,1,0
298.15,1,298.15,28.9,0.0017,4,1,0
1584.16,9,176.02,197.3,0.0445,0,5,0
3102.6,29,106.99,99.4,0.0511,6,3,1
3777.24,18,209.85,237.9,0.0048,4,4,0
4648.47,18,258.25,304.0,0.0005,23,1,0
1181.04,23,51.35,557.1,0.014,9,1,0
3432.71,17,201.92,315.0,0.0252,20,5,0
2320.48,12,193.37,189.6,0.0428,16,5,0
1963.48,7,280.5,116.7,0.0023,16,1,0
491.21,3,163.74,73.8,0.0424,13,1,0
2977.85,16,186.12,230.3,0.05,22,2,0
213.69,1,213.69,25.7,0.0197,10,1,0
2561.04,6,426.84,40.7,0.1279,4,2,1
1184.47,17,69.67,360.3,0.0133,9,5,0
6529.05,22,296.78,482.2,0.0059,9,3,0
1487.26,7,212.47,90.6,0.0115,12,3,0
4653.89,17,273.76,412.0,0.001,19,5,0
695.69,4,173.92,72.7,0.0014,15,1,0
2650.4,21,126.21,516.9,0.0053,11,2,0
3337.78,15,222.52,278.3,0.0095,14,1,0
2159.34,10,215.93,242.5,0.0092,11,3,0
540.34,3,180.11,86.7,0.0005,7,2,0
3337.64,14,238.4,424.2,0.0277,20,4,0
1086.55,11,98.78,318.3,0.017,16,5,0
2905.72,2,1452.86,10.6,0.1994,10,2,1
3789.55,16,236.85,42.4,0.0686,15,3,1
297.95,5,59.59,149.8,0.0076,16,2,0
2410.99,9,267.89,180.6,0.0022,15,5,0
269.43,1,269.43,45.6,0.0323,22,1,0
923.79,9,102.64,165.0,0.1459,13,3,1
845.35,10,84.53,140.8,0.4406,6,1,1
153.75,1,153.75,30.6,0.04,21,1,0
3094.08,3,1031.36,21.8,0.0928,18,2,1
4375.51,19,230.29,459.3,0.0401,21,2,0
6275.79,24,261.49,454.3,0.0073,21,3,0
5192.46,21,247.26,368.5,0.0075,11,2,0
5946.08,20,297.3,272.4,0.0227,12,4,0
3670.24,19,193.17,398.1,0.0113,12,1,0
1407.4,13,108.26,296.5,0.0004,18,1,0
1626.07,12,135.51,328.9,0.0198,9,4,0
3173.52,14,226.68,234.6,0.0038,22,3,0
416.89,5,83.38,40.1,0.1597,13,1,1
3722.72,16,232.67,333.1,0.0032,21,3,0
550.25,4,137.56,70.9,0.2435,23,2,1
752.08,8,94.01,215.5,0.0369,0,1,0
1363.51,11,123.96,323.0,0.0096,8,5,0
4786.69,17,281.57,504.8,0.0169,9,3,0
4678.34,22,212.65,623.1,0.0347,20,4,0
3153.49,24,131.4,727.1,0.0007,13,5,0
6016.85,22,273.49,654.4,0.0066,11,1,0
683.52,4,170.88,111.5,0.0003,5,3,0
238.33,1,238.33,39.4,0.0097,18,1,0
6250.95,24,260.46,393.3,0.0167,8,5,0
2460.65,16,153.79,412.4,0.0058,23,2,0
2373.29,10,237.33,299.0,0.0008,22,4,0
1879.24,8,234.91,169.0,0.0028,18,1,0
5141.73,19,270.62,418.2,0.0093,0,4,0
3889.22,13,299.17,339.9,0.0066,8,4,0
5291.18,22,240.51,474.1,0.0005,14,4,0
680.94,10,68.09,299.2,0.0383,15,5,0
1792.69,19,94.35,245.2,0.0395,8,3,0
3526.34,19,185.6,397.6,0.0,21,5,0
4393.31,4,1098.33,17.3,0.1406,6,1,1
3151.11,19,165.85,425.4,0.0203,13,1,0
2664.35,12,222.03,162.1,0.0043,20,1,0
3575.12,22,162.51,73.5,0.0161,17,3,1
3093.29,17,181.96,455.5,0.0157,13,5,0
537.35,7,76.76,58.2,0.2325,18,3,1
1638.75,10,163.88,124.4,0.0002,22,3,0
727.7,7,103.96,102.1,0.1924,15,4,1
280.79,5,56.16,91.3,0.3447,8,3,1
3923.21,24,163.47,571.6,0.0072,23,4,0
2348.27,4,587.07,22.6,0.1423,12,2,1
983.31,5,196.66,127.2,0.0011,18,2,0
1601.72,7,228.82,165.8,0.0398,11,4,0
1601.88,16,100.12,300.4,0.0314,10,1,0
4905.25,22,222.97,406.6,0.0126,15,3,0
6124.42,24,255.18,552.5,0.0102,9,4,0
2244.98,10,224.5,267.5,0.0103,15,5,0
1090.89,11,99.17,130.1,0.0001,18,4,0
4955.46,22,225.25,56.6,0.0106,18,3,1
3125.97,17,183.88,369.6,0.0073,18,4,0
808.01,11,73.46,236.2,0.0102,20,3,0
286.18,3,95.39,52.9,0.2657,13,2,1
3219.14,13,247.63,35.7,0.0386,8,1,1
2205.6,13,169.66,151.3,0.0052,21,4,0
2390.26,11,217.3,282.6,0.0171,18,1,0
3868.75,23,168.21,532.7,0.0086,23,4,0
1957.83,17,115.17,478.1,0.0222,10,4,0
3826.62,13,294.36,151.4,0.0018,13,5,0
993.3,16,62.08,355.0,0.0035,10,4,0
6599.65,14,471.4,32.7,0.0765,15,2,1
769.84,3,256.61,103.0,0.05,12,2,0
541.88,10,54.19,136.2,0.3174,1,1,1
5201.73,19,273.78,578.0,0.0026,6,3,0
937.08,11,85.19,90.4,0.2093,7,2,1
1019.46,8,127.43,167.1,0.0274,12,5,0
6123.15,22,278.32,501.2,0.0487,18,3,0
1370.16,18,76.12,454.6,0.0015,22,1,0
4782.69,20,239.13,318.3,0.0006,21,4,0
421.24,4,105.31,110.7,0.0096,18,2,0
1744.67,10,174.47,285.4,0.0079,11,2,0
2043.3,8,255.41,103.7,0.0071,21,1,0
3420.21,14,244.3,232.5,0.0114,8,1,0
4895.37,18,271.96,233.0,0.0246,12,1,0
3169.42,7,452.77,32.9,0.194,16,2,1
2547.49,19,134.08,291.3,0.012,18,4,0
1386.59,15,92.44,444.9,0.0098,13,1,0
3654.64,23,158.9,436.8,0.0174,21,2,0
2748.29,15,183.22,448.6,0.0067,20,2,0
2591.77,16,161.99,341.0,0.0285,11,5,0
501.74,6,83.62,117.1,0.0079,20,1,0
1766.55,12,147.21,148.4,0.0139,11,2,0
4645.06,21,221.19,279.5,0.0003,16,4,0
897.33,7,128.19,199.7,0.0237,23,5,0
514.88,9,57.21,157.5,0.0046,21,4,0
1726.04,9,191.78,203.1,0.0235,10,3,0
2004.64,9,222.74,180.9,0.0081,14,2,0
3861.89,17,227.17,218.5,0.0228,14,3,0
303.15,4,75.79,132.4,0.003,19,4,0
3441.52,14,245.82,416.5,0.0082,16,3,0
254.01,1,254.01,38.3,0.0053,18,1,0
796.06,8,99.51,107.3,0.0304,12,3,0
2837.32,21,135.11,639.1,0.0034,13,4,0
892.49,6,148.75,108.3,0.0071,13,5,0
4602.07,24,191.75,573.2,0.0401,9,2,0
2223.31,14,158.81,417.1,0.0312,21,5,0
310.04,6,51.67,97.6,0.443,18,1,1
726.0,6,121.0,25.2,0.0345,15,3,1
5656.45,7,808.06,28.1,0.097,19,1,1
4739.38,21,225.68,557.4,0.0025,19,2,0
305.87,2,152.94,48.4,0.0037,17,1,0
6448.38,23,280.36,685.3,0.0146,14,2,0
5019.38,17,295.26,395.6,0.0013,11,2,0
3419.28,5,683.86,31.9,0.1407,15,1,1
5585.18,22,253.87,444.7,0.0325,18,2,0
2541.87,17,149.52,189.0,0.05,3,2,0
3309.9,12,275.83,299.8,0.0089,15,4,0
901.09,5,180.22,151.1,0.0469,19,2,0
1188.98,7,169.85,150.5,0.002,17,3,0
3365.56,19,177.13,380.2,0.0004,18,2,0
2392.18,2,1196.09,14.9,0.1242,7,1,1
1442.77,9,160.31,119.1,0.002,6,4,0
3587.82,7,512.55,40.0,0.069,19,2,1
739.98,8,92.5,147.8,0.0129,10,5,0
1221.45,23,53.11,640.4,0.0197,3,2,0
4068.06,14,290.58,385.9,0.0216,21,3,0
3519.98,21,167.62,451.7,0.0278,14,5,0
425.4,2,212.7,76.7,0.0089,9,1,0
2768.01,15,184.53,300.1,0.0049,16,3,0
2558.18,13,196.78,164.8,0.0124,19,4,0
870.59,12,72.55,271.8,0.048,19,1,0
789.73,4,197.43,93.9,0.0471,16,2,0
2290.69,14,163.62,203.7,0.0041,16,3,0
5686.38,19,299.28,499.9,0.0466,4,3,0
433.71,3,144.57,72.8,0.0358,14,2,0
4265.37,19,224.49,208.7,0.0005,19,5,0
1394.4,8,174.3,155.1,0.0061,20,4,0
1328.49,21,63.26,446.9,0.0133,12,1,0
1918.83,7,274.12,175.0,0.0375,7,1,0
6940.89,24,289.2,417.8,0.0348,12,3,0
665.76,9,73.97,138.0,0.4381,8,3,1
757.22,12,63.1,353.7,0.017,16,2,0
2219.78,15,147.99,303.7,0.0082,13,3,0
1687.06,7,241.01,91.5,0.0014,21,1,0
294.5,1,294.5,43.2,0.0028,13,1,0
3032.71,15,202.18,443.1,0.0176,21,1,0
6425.14,22,292.05,644.4,0.009,1,5,0
5897.32,21,280.82,419.8,0.009,15,5,0
1290.48,7,184.35,84.8,0.0228,19,1,0
506.38,5,101.28,87.2,0.2986,7,3,1
3521.5,21,167.69,592.6,0.0168,21,3,0
713.63,4,178.41,114.8,0.0074,9,3,0
2653.51,7,379.07,32.7,0.1989,3,2,1
5912.22,23,257.05,326.9,0.016,4,3,0
5874.95,21,279.76,599.7,0.0048,14,4,0
3713.72,14,265.27,174.7,0.0028,13,4,0
4357.89,18,242.11,506.9,0.0093,15,2,0
922.4,5,184.48,88.1,0.02,18,5,0
2006.52,11,182.41,199.3,0.016,14,2,0
3235.8,12,269.65,32.7,0.0581,13,1,1
1390.8,9,154.53,273.9,0.0017,11,4,0
3165.1,15,211.01,198.3,0.0131,23,2,0
499.88,2,249.94,42.7,0.0084,15,2,0
185.64,1,185.64,46.7,0.0122,22,1,0
2211.71,11,201.06,303.3,0.0048,12,1,0
3840.72,24,160.03,299.5,0.0036,11,3,0
1416.09,6,236.01,17.1,0.0476,6,2,1
3178.05,4,794.51,16.6,0.1247,22,2,1
3201.62,15,213.44,163.6,0.0037,16,2,0
3021.64,23,131.38,311.7,0.0114,10,4,0
5432.04,4,1358.01,22.3,0.153,9,1,1
1007.75,5,201.55,107.7,0.0235,8,4,0
2448.86,17,144.05,210.2,0.0081,15,1,0
655.88,6,109.31,104.1,0.0204,16,3,0
353.04,2,176.52,66.2,0.0204,0,1,0
1375.83,5,275.17,147.6,0.0181,20,4,0
2868.1,19,150.95,281.9,0.005,10,2,0
2929.3,20,146.46,603.7,0.0013,9,5,0
464.07,3,154.69,61.7,0.0109,16,3,0
3404.55,15,226.97,382.3,0.0225,21,2,0
791.35,6,131.89,97.6,0.0003,19,4,0
1821.96,20,91.1,538.5,0.002,14,1,0
3869.93,4,967.48,22.6,0.1922,10,1,1
3405.06,14,243.22,242.1,0.0293,13,5,0
2519.09,15,167.94,314.7,0.0014,19,5,0
5180.76,24,215.86,37.7,0.045,6,2,1
3290.2,19,173.17,326.0,0.012,20,4,0
902.42,5,180.48,80.5,0.0139,9,4,0
859.34,12,71.61,312.0,0.0092,11,2,0
2386.3,13,183.56,362.7,0.001,18,2,0
6006.42,6,1001.07,46.1,0.0574,9,2,1
109.52,2,54.76,68.3,0.0161,15,1,0
2848.76,17,167.57,195.2,0.0099,10,5,0
2877.1,14,205.51,298.9,0.0296,18,3,0
1531.11,8,191.39,194.1,0.0374,10,2,0
2090.47,11,190.04,160.7,0.037,10,1,0
421.67,3,140.56,43.7,0.2375,3,2,1
299.66,4,74.92,79.3,0.05,16,3,0
566.73,9,62.97,272.5,0.0059,10,3,0
3630.24,18,201.68,420.2,0.0149,17,2,0
5617.44,23,244.24,639.6,0.0013,16,1,0
260.77,5,52.15,91.7,0.3969,19,1,1
875.19,17,51.48,389.1,0.0066,9,5,0
153.65,2,76.83,35.5,0.0239,9,2,0
477.9,2,238.95,65.3,0.0057,21,1,0
4238.45,9,470.94,20.1,0.0504,7,5,1
808.81,6,134.8,113.4,0.0286,18,4,0
1922.77,9,213.64,278.4,0.0244,16,3,0
796.47,4,199.12,68.2,0.0084,17,4,0
2742.25,13,210.94,232.9,0.0157,18,3,0
2689.52,12,224.13,229.4,0.0256,17,1,0
676.57,4,169.14,76.4,0.0027,23,1,0
301.53,5,60.31,90.4,0.0287,17,1,0
1570.79,9,174.53,203.6,0.0069,9,1,0
1235.85,10,123.59,39.4,0.0127,9,2,1
3333.46,5,666.69,30.4,0.1073,19,2,1
2502.22,16,156.39,287.1,0.0068,21,4,0
1383.54,18,76.86,500.6,0.0036,10,5,0
5431.47,20,271.57,31.8,0.0378,21,4,1
1269.31,10,126.93,139.9,0.05,12,5,0
4656.05,27,172.45,56.8,0.0746,19,5,1
2817.52,16,176.1,317.4,0.0105,8,1,0
1255.77,13,96.6,120.7,0.3378,18,4,1
1409.42,23,61.28,675.0,0.0205,21,3,0
1099.25,13,84.56,253.4,0.0038,18,4,0
4407.76,22,200.35,611.3,0.009,7,4,0
1488.0,6,248.0,114.7,0.0022,12,1,0
633.97,6,105.66,165.2,0.0113,17,3,0
3050.05,16,190.63,303.3,0.012,12,5,0
4591.05,17,270.06,515.1,0.0191,17,2,0
2249.99,20,112.5,429.4,0.0171,12,4,0
3006.68,23,130.73,465.6,0.0078,11,5,0
4903.08,21,233.48,393.0,0.0078,14,2,0
1742.88,10,174.29,139.4,0.0028,10,2,0
1870.3,17,110.02,366.0,0.0406,13,1,0
1607.21,12,133.93,120.8,0.2094,8,1,1
1391.31,24,57.97,285.6,0.0033,11,3,0
436.13,5,87.23,64.5,0.1576,17,1,1
5570.83,24,232.12,259.3,0.0252,6,4,0
2524.47,10,252.45,273.8,0.0201,22,3,0
2864.07,10,286.41,202.6,0.0097,22,5,0
665.21,3,221.74,91.3,0.0359,22,1,0
1061.43,19,55.86,328.2,0.0363,0,5,0
1973.17,10,197.32,215.4,0.0345,22,4,0
1368.27,12,114.02,155.4,0.0212,11,3,0
973.67,11,88.52,257.6,0.002,14,2,0
535.12,3,178.37,46.9,0.0089,11,1,0
1203.68,8,150.46,212.9,0.0037,21,2,0
5650.22,19,297.38,298.6,0.0222,15,2,0
3861.33,16,241.33,425.1,0.0473,13,2,0
1198.01,5,239.6,78.6,0.025,23,1,0
1639.9,6,273.32,139.0,0.0254,22,1,0
2832.56,14,202.33,285.3,0.0238,23,2,0
4594.82,16,287.18,466.9,0.0242,22,4,0
173.76,1,173.76,39.5,0.0207,10,1,0
3242.01,12,270.17,224.4,0.0064,19,1,0
4010.84,20,200.54,414.0,0.0442,13,4,0
3843.8,22,174.72,667.2,0.0012,23,3,0
3866.12,14,276.15,246.0,0.0355,16,1,0
4148.71,21,197.56,512.2,0.0178,4,1,0
4793.68,16,299.61,418.7,0.0158,1,3,0
2309.52,23,100.41,282.8,0.0271,10,2,0
1802.94,7,257.56,136.6,0.005,16,2,0
1953.42,10,195.34,264.0,0.0008,3,2,0
2894.88,19,152.36,532.5,0.0002,13,1,0
1884.05,7,269.15,206.7,0.0093,17,5,0
1691.88,23,73.56,530.8,0.0217,16,4,0
2382.95,16,148.93,235.3,0.0002,13,1,0
3122.9,17,183.7,250.2,0.0026,19,1,0
1168.65,7,166.95,93.9,0.0046,16,5,0
4494.5,24,187.27,530.9,0.0447,20,3,0
2529.59,16,158.1,442.5,0.0031,19,3,0
958.5,8,119.81,86.1,0.1203,12,4,1
943.28,14,67.38,417.4,0.0138,17,2,0
4963.39,20,248.17,564.3,0.0086,13,5,0
2650.62,21,126.22,632.0,0.0163,15,4,0
458.68,4,114.67,113.1,0.005,21,4,0
642.0,8,80.25,116.7,0.0135,18,3,0
1376.8,18,76.49,229.8,0.0143,21,3,0
771.12,15,51.41,212.4,0.0068,16,5,0
979.86,5,195.97,77.1,0.0094,18,3,0
4721.66,16,295.1,353.8,0.003,8,1,0
327.05,5,65.41,153.0,0.0055,21,5,0
2105.77,10,210.58,163.5,0.0044,16,3,0
3545.18,13,272.71,174.4,0.0447,9,4,0
319.27,3,106.42,45.3,0.0167,18,3,0
545.95,4,136.49,79.9,0.0061,9,3,0
2567.26,10,256.73,135.2,0.0062,13,2,0
76.73,1,76.73,35.6,0.0133,21,1,0
2202.08,12,183.51,221.1,0.0145,5,1,0
4823.09,18,267.95,244.2,0.0174,13,2,0
1922.14,17,113.07,242.6,0.0078,13,3,0
2795.11,18,155.28,217.3,0.0091,20,5,0
849.32,8,106.17,211.9,0.0025,7,5,0
2324.1,24,96.84,689.3,0.0233,11,5,0
3801.86,15,253.46,306.1,0.02,19,5,0
5916.9,4,1479.23,29.8,0.1532,6,2,1
414.31,5,82.86,84.5,0.2475,19,3,1
1052.23,17,61.9,308.4,0.0178,9,3,0
2914.38,7,416.34,29.8,0.0522,19,2,1
1043.32,8,130.42,111.8,0.0167,21,1,0
689.61,7,98.52,98.9,0.435,8,4,1
4293.55,15,286.24,223.3,0.0255,17,2,0
2040.61,2,1020.3,8.9,0.0584,7,2,1
3112.76,19,163.83,466.1,0.0026,14,2,0
3081.38,11,280.13,27.2,0.0605,9,4,1
3777.64,13,290.59,261.4,0.0044,8,1,0
445.01,3,148.34,92.2,0.012,11,3,0
813.52,8,101.69,124.5,0.0167,7,4,0
1749.94,10,174.99,136.4,0.0156,15,2,0
271.79,5,54.36,129.5,0.0149,21,5,0
4405.8,18,244.77,281.3,0.0062,17,2,0
338.38,4,84.59,111.9,0.0229,20,2,0
600.48,11,54.59,193.2,0.0001,8,4,0
2443.19,21,116.34,515.8,0.0055,8,4,0
541.51,4,135.38,116.0,0.05,12,2,0
1576.5,11,143.32,88.3,0.3595,21,3,1
8445.62,7,1206.52,35.5,0.1215,10,1,1
5963.02,24,248.46,476.2,0.05,14,3,0
740.98,5,148.2,138.6,0.0117,20,4,0
1404.26,8,175.53,92.0,0.0109,8,5,0
3865.75,20,193.29,585.0,0.008,22,1,0
666.39,4,166.6,75.9,0.0055,12,1,0
871.45,2,435.73,14.6,0.0878,9,1,1
1632.94,5,326.59,30.0,0.0912,16,1,1
2191.26,22,99.6,454.2,0.0097,16,1,0
2695.05,24,112.29,599.1,0.0372,8,5,0
2351.28,2,1175.64,14.5,0.1788,11,2,1
2969.92,12,247.49,321.9,0.0146,8,4,0
4001.6,22,181.89,561.4,0.0448,2,2,0
1152.1,13,88.62,244.6,0.0123,19,2,0
1898.43,9,210.94,155.8,0.0051,20,2,0
3703.95,19,194.94,264.2,0.0103,14,3,0
387.29,2,193.64,66.3,0.05,11,1,0
1901.94,20,95.1,429.2,0.0034,23,3,0
3976.24,16,248.52,483.7,0.0037,2,5,0
2525.89,15,168.39,292.3,0.0063,23,1,0
3119.29,16,194.96,283.7,0.002,20,1,0
1128.82,14,80.63,204.8,0.0085,12,5,0
203.52,1,203.52,27.0,0.0088,23,1,0
1023.23,4,255.81,56.7,0.0,13,3,0
918.89,13,70.68,359.4,0.0033,9,4,0
2267.51,20,113.38,341.4,0.0107,15,2,0
4985.78,20,249.29,386.9,0.0193,21,1,0
3206.67,13,246.67,348.0,0.0,14,5,0
660.75,7,94.39,122.6,0.0126,21,1,0
3350.48,20,167.52,366.8,0.0144,10,4,0
6104.03,22,277.46,616.3,0.0059,12,1,0
2852.22,17,167.78,455.2,0.0292,5,2,0
1773.88,8,221.73,206.5,0.0369,20,3,0
886.6,8,110.83,137.2,0.3706,17,3,1
1864.3,14,133.16,286.1,0.0001,12,5,0
5679.19,12,473.27,39.3,0.0108,6,3,1
5423.41,5,1084.68,33.4,0.0508,22,1,1
289.84,1,289.84,23.8,0.022,2,1,0
1448.27,17,85.19,259.8,0.0217,18,5,0
5629.73,19,296.3,509.7,0.0351,14,4,0
1260.12,13,96.93,362.2,0.0115,20,5,0
2447.88,15,163.19,241.1,0.0204,5,3,0
3027.29,26,116.43,65.3,0.019,16,4,1
4419.35,15,294.62,339.9,0.016,16,1,0
1462.31,19,76.96,446.8,0.0064,16,3,0
154.07,1,154.07,24.8,0.0047,16,1,0
2362.83,8,295.35,149.6,0.0038,12,1,0
183.81,2,91.91,36.1,0.0183,16,2,0
1285.77,17,75.63,384.7,0.0211,8,1,0
5051.92,22,229.63,269.4,0.0102,0,1,0
701.34,7,100.19,96.7,0.002,16,1,0
4393.25,20,219.66,235.7,0.0051,7,5,0
4899.09,20,244.95,526.4,0.0293,14,2,0
2521.14,21,120.05,249.2,0.0081,11,3,0
504.44,5,100.89,77.0,0.2765,13,4,1
2628.4,17,154.61,299.6,0.0092,16,3,0
1437.86,13,110.6,183.9,0.0216,15,2,0
1292.52,7,184.65,123.4,0.0061,10,4,0
872.12,9,96.9,106.7,0.0171,9,5,0
867.24,7,123.89,72.9,0.1973,15,3,1
2476.95,19,130.37,258.7,0.0233,10,5,0
6044.44,23,262.8,561.7,0.0332,23,5,0
457.89,5,91.58,129.9,0.005,11,5,0
4570.34,22,207.74,443.2,0.014,14,4,0
986.42,5,197.28,126.5,0.05,9,5,0
54.23,1,54.23,26.4,0.0106,13,1,0
810.17,9,90.02,251.5,0.0003,19,1,0
2836.75,6,472.79,9.2,0.0512,7,3,1
2860.36,13,220.03,323.1,0.026,8,5,0
1954.01,12,162.83,223.7,0.05,9,3,0
1242.83,20,62.14,458.5,0.0132,23,1,0
3872.15,13,297.86,322.9,0.0467,19,3,0
1420.64,11,129.15,271.2,0.05,3,4,0
1568.44,6,261.41,186.7,0.0021,23,2,0
2493.08,9,277.01,151.0,0.0056,23,1,0
826.14,7,118.02,100.7,0.2777,4,4,1
2446.74,13,188.21,215.2,0.0004,11,2,0
2815.29,15,187.69,251.2,0.0065,13,3,0
4189.04,15,279.27,466.2,0.0051,14,2,0
1105.08,4,276.27,87.1,0.0393,16,2,0
222.31,1,222.31,29.5,0.0086,9,1,0
600.73,8,75.09,199.6,0.0328,22,1,0
972.11,6,162.02,111.6,0.0248,10,1,0
1242.06,15,82.8,341.9,0.0008,12,3,0
4484.13,17,263.77,405.3,0.0064,8,5,0
5379.41,6,896.57,43.4,0.1206,2,2,1
1349.91,9,149.99,180.6,0.0051,23,1,0
4985.15,17,293.24,231.1,0.0134,18,1,0
5751.72,20,287.59,238.4,0.0032,17,4,0
3160.32,15,210.69,320.0,0.0098,20,5,0
819.17,6,136.53,167.3,0.0071,12,3,0
2351.78,14,167.98,404.7,0.0051,16,3,0
4524.24,16,282.76,369.7,0.0025,12,3,0
2365.94,14,169.0,434.2,0.0457,21,1,0
1647.9,10,164.79,160.9,0.0003,16,5,0
1467.54,5,293.51,148.6,0.0069,15,1,0
3439.18,19,181.01,425.2,0.0246,10,3,0
2238.65,17,131.69,358.9,0.0199,20,5,0
311.81,5,62.36,140.0,0.0415,18,2,0
992.78,19,52.25,286.5,0.0142,10,2,0
1602.77,8,200.35,214.6,0.001,16,4,0
3428.24,21,163.25,441.1,0.0048,10,2,0
2088.1,13,160.62,310.6,0.0145,17,4,0
1598.24,8,199.78,245.1,0.002,21,3,0
2742.21,12,228.52,333.9,0.0128,1,2,0
3982.83,16,248.93,272.5,0.0481,17,4,0
732.63,11,66.6,157.3,0.0058,18,5,0
3378.67,23,146.9,64.5,0.0381,16,3,1
1752.73,23,76.21,634.5,0.05,9,3,0
1081.72,6,180.29,192.5,0.0118,14,2,0
587.99,6,98.0,96.1,0.0089,18,4,0
1918.64,20,95.93,370.0,0.0001,19,5,0
2214.34,17,130.26,264.7,0.0099,17,5,0
2384.39,9,264.93,229.2,0.0141,9,4,0
1020.96,10,102.1,250.9,0.0078,11,5,0
3964.63,19,208.66,66.5,0.0724,6,3,1
2752.77,11,250.25,205.6,0.0363,22,3,0
542.12,7,77.45,155.6,0.0076,13,4,0
2860.52,14,204.32,263.0,0.0172,0,1,0
2170.39,9,241.15,131.5,0.01,12,2,0
3993.76,18,221.88,361.2,0.05,14,3,0
1219.27,7,174.18,161.7,0.0117,12,5,0
2325.61,10,232.56,218.2,0.0082,18,2,0
1380.31,9,153.37,182.0,0.0195,9,3,0
4300.1,19,226.32,424.9,0.0137,8,5,0
6185.49,22,281.16,276.6,0.0038,0,4,0
820.69,10,82.07,162.1,0.0316,9,4,0
1997.49,14,142.68,203.3,0.0027,23,5,0
2583.28,14,184.52,332.2,0.0121,12,2,0
1425.34,24,59.39,384.8,0.0002,12,2,0
5439.09,20,271.95,488.4,0.007,15,1,0
506.28,9,56.25,205.9,0.024,1,5,0
949.05,11,86.28,229.2,0.0142,8,5,0
1615.73,6,269.29,175.9,0.0002,15,2,0
1416.3,16,88.52,374.6,0.0208,13,1,0
3191.27,21,151.97,514.5,0.0238,18,1,0
1023.68,6,170.61,143.8,0.018,15,4,0
3921.64,19,206.4,71.2,0.0656,13,2,1
388.16,3,129.39,66.7,0.015,11,3,0
3899.96,22,177.27,421.3,0.0184,19,2,0
3017.87,22,137.18,562.5,0.0065,21,3,0
1130.08,3,376.69,14.0,0.0951,15,1,1
342.11,3,114.04,64.5,0.0151,10,1,0
4332.35,20,216.62,265.0,0.0017,21,2,0
543.02,4,135.75,61.3,0.05,11,3,0
3932.0,21,187.24,550.3,0.0126,14,4,0
1342.74,8,167.84,228.4,0.0021,1,2,0
951.11,15,63.41,310.9,0.0147,21,5,0
4094.88,17,240.88,357.0,0.0079,15,4,0
2687.9,17,158.11,455.6,0.0034,18,2,0
4797.32,16,299.83,493.1,0.0202,12,5,0
1742.99,6,290.5,81.3,0.0122,14,4,0
2867.75,12,238.98,283.3,0.0197,12,5,0
2663.74,19,140.2,429.9,0.001,11,3,0
1891.67,2,945.83,14.3,0.1242,11,2,1
2258.85,8,282.36,112.3,0.0085,21,1,0
2581.19,23,112.23,41.8,0.0447,16,2,1
397.46,2,198.73,38.4,0.0208,11,1,0
522.48,8,65.31,88.6,0.1306,7,3,1
448.14,7,64.02,170.7,0.0098,8,5,0
3206.48,11,291.5,329.8,0.0262,13,2,0
1512.7,11,137.52,180.5,0.0031,8,3,0
6857.25,6,1142.88,37.4,0.1779,11,2,1
276.95,2,138.48,63.1,0.0024,17,1,0
3248.95,22,147.68,645.2,0.0166,20,2,0
2967.18,8,370.9,26.2,0.0715,11,5,1
1426.7,24,59.45,278.7,0.017,19,3,0
2551.0,15,170.07,421.5,0.0392,19,3,0
